{
	"cameras": [
		{
			"location":
			{
				"x": 420,
				"y": -20,
				"z": 180
			},
			"target":
			{
				"x": 419.01519775390625,
				"y": -19.826345443725586,
				"z": 180
			},
			"rotator":
			{
				"x": 0,
				"y": 0,
				"z": 0.99619442224502563,
				"w": 0.087158739566802979
			},
			"fov": 90,
			"aspect": 1.7777780294418335
		},
		{
			"location":
			{
				"x": 0,
				"y": 0,
				"z": 0
			},
			"target":
			{
				"x": 1,
				"y": 0,
				"z": 0
			},
			"rotator":
			{
				"x": 0,
				"y": 0,
				"z": 0,
				"w": 1
			},
			"fov": 90,
			"aspect": 1.7777780294418335
		}
	]
}